date,open,close,volume
2020-10-13,121.0800,121.0500,13100
2020-10-14,121.3300,119.9700,37800
2020-10-15,118.0300,119.1070,30600
2020-10-16,119.9000,118.5000,51000
2020-10-19,119.8300,116.4500,50600
2020-10-20,116.9100,116.8900,49800
2020-10-21,116.9500,117.0400,28200
2020-10-22,117.1100,116.7200,24800
2020-10-23,116.9900,117.0000,40600
2020-10-26,116.0100,115.1800,74400
2020-10-27,115.6200,116.0900,46900
2020-10-28,114.2800,111.6900,138800
2020-10-29,112.1600,113.5100,79600
2020-10-30,112.7000,110.8600,130600
2020-11-02,111.6500,110.9000,74100
2020-11-03,111.7100,113.4310,61800
2020-11-04,116.4500,117.7900,109700
2020-11-05,120.5100,120.9200,146500
2020-11-06,120.6300,121.0000,47100
2020-11-09,122.2100,118.5000,154000
2020-11-10,117.1500,116.3170,84200
2020-11-11,117.4700,119.1100,65800
2020-11-12,119.4800,118.4200,44900
2020-11-13,119.1900,119.5500,39900
2020-11-16,119.4600,120.0700,47000
2020-11-17,120.5600,120.0600,29000
2020-11-18,119.8600,119.5480,35200
2020-11-19,118.9700,120.1300,52700
2020-11-20,120.0700,119.3900,37000
2020-11-23,119.7700,119.3000,50500
2020-11-24,119.8000,121.0400,90900
2020-11-25,121.3900,121.7190,44200
2020-11-27,122.5500,122.7500,35500
2020-11-30,122.9700,123.0100,84000
2020-12-01,124.0700,124.7200,92800
2020-12-02,124.1600,124.8400,140900
2020-12-03,124.9500,125.0200,93200
2020-12-04,125.0500,125.4500,74300
2020-12-07,125.6200,125.8300,76700
2020-12-08,126.0200,126.6050,54800
2020-12-09,126.5900,123.8500,148700
2020-12-10,122.9500,124.2600,128300
2020-12-11,123.5500,123.9700,54200
2020-12-14,124.5400,124.8900,184100
2020-12-15,125.8900,126.2300,64300
2020-12-16,126.4400,126.9100,84900
2020-12-17,127.6200,127.7600,57900
2020-12-18,128.1100,127.4300,84300
2020-12-21,126.1200,126.8900,85100
2020-12-22,127.2500,127.2400,59000
2020-12-23,127.5000,126.6600,69000
2020-12-24,126.9600,127.1900,32000
2020-12-28,128.4300,128.4800,59200
2020-12-29,129.0800,128.6300,66600
2020-12-30,129.3600,128.5300,89900
2020-12-31,128.7800,128.9100,73500
2021-01-04,129.6000,127.0800,160800
2021-01-05,126.7600,128.0950,66600
2021-01-06,126.3700,126.3300,469300
2021-01-07,127.5800,129.4600,97100
2021-01-08,130.5200,131.1400,78400
2021-01-11,129.9900,129.1800,69500
2021-01-12,129.2900,129.1400,122100
2021-01-13,129.0000,129.8400,56600
2021-01-14,130.2700,129.1400,90000
2021-01-15,128.8300,128.1000,102700
2021-01-19,129.2000,130.0300,82300
2021-01-20,131.6900,133.0700,120500
2021-01-21,133.7000,134.1500,159700
2021-01-22,133.6100,133.7800,124900
2021-01-25,135.3100,134.6300,155200
2021-01-26,135.2600,135.0400,75600
2021-01-27,134.2400,131.4500,148600
2021-01-28,131.9100,132.0800,88600
2021-01-29,131.5100,129.3700,119300
2021-02-01,130.9100,132.5400,131300
2021-02-02,133.8200,134.7150,111600
2021-02-03,135.7000,134.2200,93100
2021-02-04,134.8700,135.6500,76200
2021-02-05,136.2600,136.1900,182400
2021-02-08,137.0000,137.0400,105200
2021-02-09,136.8400,137.0100,101700
2021-02-10,137.6500,136.6700,104500
2021-02-11,137.5700,137.4390,136200
2021-02-12,137.0300,138.2900,87100
2021-02-16,138.7400,137.9100,106500
2021-02-17,136.7700,137.2300,105000
2021-02-18,135.8300,136.6500,99800
2021-02-19,137.3400,135.9600,93500
2021-02-22,134.2900,132.5500,156800
2021-02-23,130.3600,132.1600,210100
2021-02-24,130.9100,133.2400,163900
2021-02-25,132.1800,128.5300,250600
2021-02-26,129.8170,129.7200,178100
2021-03-01,131.2300,132.9600,91900
2021-03-02,133.3700,130.8000,93700
2021-03-03,130.3200,127.0500,142900
2021-03-04,127.0200,124.9100,206300
2021-03-05,126.4100,126.9800,223100
2021-03-08,126.7600,123.2500,160400
2021-03-09,126.3500,128.2400,169500
2021-03-10,130.0100,127.7000,177200
2021-03-11,129.9500,130.7800,144500
2021-03-12,128.9400,129.6200,119700
2021-03-15,129.8500,131.0400,91200
2021-03-16,131.9300,131.7300,144600
2021-03-17,130.5200,132.2600,69200
2021-03-18,130.3600,128.2700,155600
2021-03-19,128.2700,128.7800,128400
2021-03-22,129.7100,130.9800,74100
2021-03-23,131.4600,130.3000,91100
2021-03-24,131.1200,128.2000,130400
2021-03-25,127.4100,127.9800,165200
2021-03-26,127.9200,129.9400,76200
2021-03-29,129.5100,129.6600,151900
2021-03-30,129.0000,129.2100,106300
2021-03-31,130.0000,131.2200,159400
2021-04-01,132.6500,133.3900,99100
2021-04-05,134.5500,136.1000,166500
2021-04-06,136.0200,135.8950,75600
2021-04-07,135.8800,136.2700,139000
2021-04-08,137.5500,137.6800,99800
2021-04-09,137.1800,138.5000,89100
2021-04-12,138.2200,138.3900,94400
2021-04-13,139.0200,139.9700,73400
2021-04-14,140.1600,138.2600,164200
2021-04-15,139.4800,140.3400,148200
2021-04-16,140.6100,140.5900,64800
2021-04-19,139.9300,139.3200,88000
2021-04-20,139.1000,138.2500,94300
2021-04-21,137.7200,139.4000,92000
2021-04-22,139.3600,137.8400,95300
2021-04-23,138.1800,139.5000,77100
2021-04-26,139.6900,140.4000,71000
2021-04-27,140.5900,139.6900,86000
2021-04-28,139.6700,139.2500,98000
2021-04-29,140.7900,139.7900,105500
2021-04-30,138.7900,138.8300,151000
2021-05-03,139.4200,138.1400,155700
2021-05-04,137.0700,135.8100,179900
2021-05-05,136.6800,135.2300,100600
2021-05-06,135.1300,136.2500,96900
2021-05-07,137.5500,137.4300,177400
2021-05-10,136.8200,133.9400,169000
2021-05-11,131.4400,133.7500,145000
2021-05-12,131.6400,130.2600,210800
2021-05-13,131.4400,131.2200,105100
2021-05-14,132.7600,134.1900,106100
2021-05-17,133.4700,133.3000,70800
2021-05-18,133.8600,132.3600,95200
2021-05-19,130.2200,132.6500,100500
2021-05-20,133.2100,135.1200,73700
2021-05-21,135.9300,134.3300,177600
2021-05-24,135.3700,136.6300,115900
2021-05-25,137.3100,136.8900,166100
2021-05-26,137.1300,137.3400,111300
2021-05-27,137.2100,136.8900,83100
2021-05-28,137.4700,137.2300,193900
2021-06-01,137.8500,136.8100,118900
2021-06-02,136.9400,137.0300,93100
2021-06-03,135.8900,135.5900,83500
2021-06-04,136.4200,137.9500,93100
2021-06-07,137.7700,138.3300,100000
2021-06-08,139.0400,138.3500,69600
2021-06-09,139.0000,138.4700,138600
2021-06-10,138.7000,139.8750,90800
2021-06-11,140.0000,140.2200,71400
2021-06-14,140.4500,141.5030,60700
2021-06-15,141.6100,140.7300,60300
2021-06-16,140.9600,140.1700,134300
2021-06-17,139.8300,141.9400,136500
2021-06-18,141.4300,140.7900,94400
2021-06-21,140.8000,141.5100,99800
2021-06-22,141.5500,142.8400,95700
2021-06-23,142.9400,142.8400,106500
2021-06-24,143.7600,143.7200,252000
2021-06-25,144.1000,143.6200,70300
2021-06-28,144.2200,145.3800,159900
2021-06-29,145.4000,145.8500,85600
2021-06-30,145.8900,145.7300,88000
2021-07-01,145.5900,145.7300,278300
2021-07-02,146.5600,147.3700,148500
2021-07-06,147.7300,147.9600,104100
2021-07-07,149.1400,148.2500,214500
2021-07-08,146.1300,147.4400,288600
2021-07-09,147.2200,148.3400,191300
2021-07-12,149.0100,148.9500,162800
2021-07-13,148.7800,148.9400,259600
2021-07-14,149.9100,149.1800,258800
2021-07-15,149.1500,148.1400,281000
2021-07-16,148.5000,146.9600,207900
2021-07-19,145.5200,145.7800,329600
2021-07-20,146.1900,147.4600,195700
2021-07-21,147.3300,148.5200,203800
2021-07-22,148.7200,149.5700,171800
2021-07-23,150.2100,151.2200,189800
2021-07-26,151.0300,151.4300,288500
2021-07-27,151.3200,149.8000,321400
2021-07-28,150.2300,150.3400,328000
2021-07-29,150.2100,150.6000,197700
2021-07-30,148.9700,149.8400,202900
2021-08-02,150.5700,149.8300,257600
2021-08-03,150.1900,150.7400,446300
2021-08-04,150.7500,150.9700,287800
2021-08-05,151.3400,151.9200,176900
2021-08-06,151.4500,151.2600,186700
2021-08-09,151.5000,151.5400,135400
2021-08-10,151.7600,150.7700,255300
2021-08-11,151.2900,150.5000,190100
2021-08-12,150.2800,151.0500,173900
2021-08-13,151.2100,151.5700,161100
2021-08-16,151.1500,151.6500,346400
2021-08-17,150.4930,150.3100,381100
2021-08-18,150.0100,148.8700,207400
2021-08-19,148.0300,149.5700,344500
2021-08-20,150.0700,151.1200,224800
2021-08-23,151.5700,153.3600,409000
2021-08-24,153.6400,153.8700,208200
2021-08-25,154.0100,153.9600,296200
2021-08-26,153.7500,153.0700,341400
2021-08-27,153.3000,154.5300,224400
2021-08-30,154.8800,156.2800,822800
2021-08-31,156.3800,156.1300,277800
2021-09-01,156.6300,156.4100,376700
2021-09-02,156.9800,156.3500,330600
2021-09-03,155.9300,156.8200,214500
2021-09-07,156.8600,157.0400,293900
2021-09-08,156.9500,156.5100,348100
2021-09-09,156.5800,155.9600,317100
2021-09-10,156.7100,154.8000,344400
2021-09-13,155.7700,154.6800,335200
2021-09-14,155.3100,154.2400,326700
2021-09-15,154.4300,155.3600,445500
2021-09-16,154.8300,155.4700,446100
2021-09-17,155.1600,153.6700,358200
2021-09-20,151.0900,150.4000,1770000
2021-09-21,151.2600,150.4500,992800
2021-09-22,150.9500,151.8700,403500
2021-09-23,152.4000,153.2500,319200
2021-09-24,152.3300,153.4400,330300
2021-09-27,152.1100,152.2200,488600
2021-09-28,150.2700,148.0500,844100
2021-09-29,148.4300,147.6700,666800
2021-09-30,148.3800,147.1100,1045300
2021-10-01,147.4000,148.0300,786500
2021-10-04,147.3100,145.0100,1071800
2021-10-05,145.3900,146.8800,1172800
2021-10-06,145.4900,147.8800,729900
2021-10-07,149.1700,149.1800,369000
2021-10-08,149.7200,148.4500,449300
2021-10-11,147.7900,147.3200,498100
2021-10-12,147.9000,146.8200,307700
2021-10-13,147.8000,147.9500,302100
2021-10-14,149.4900,150.6900,232300
2021-10-15,151.3000,151.6600,201400
2021-10-18,151.1200,153.1700,314300
2021-10-19,153.6900,154.2600,306400
2021-10-20,154.5300,154.1100,241200
2021-10-21,153.8000,155.0800,217200
2021-10-22,154.5000,153.7600,201300
2021-10-25,154.3700,155.3500,269200
2021-10-26,156.3100,155.7700,269900
2021-10-27,156.0100,156.2100,332400
2021-10-28,156.9400,157.9100,261600
2021-10-29,156.5500,158.7500,302800
2021-11-01,158.9700,159.2200,406400
2021-11-02,159.0400,159.8900,299700
2021-11-03,160.1600,161.6300,340400
2021-11-04,162.1500,163.6800,837700
2021-11-05,164.4000,163.8300,522500
2021-11-08,163.8500,163.6200,264900
2021-11-09,164.1300,162.5100,527100
2021-11-10,161.3000,160.1200,553600
2021-11-11,161.4100,160.5500,268600
2021-11-12,161.0400,162.2300,264200
2021-11-15,162.7400,162.2000,333100
2021-11-16,161.9400,163.3800,237800
2021-11-17,163.5300,163.4300,374200
2021-11-18,164.3400,165.1100,358000
2021-11-19,165.8700,166.0700,3670700
2021-11-22,166.8200,164.1800,2194000
2021-11-23,163.6500,163.3900,658000
2021-11-24,162.3500,163.9000,499300
2021-11-26,162.8500,160.8000,421500
2021-11-29,162.7300,164.2600,457400
2021-11-30,163.8800,161.8900,929700
2021-12-01,163.7800,159.2200,1008800
2021-12-02,158.6400,160.3100,1156200
2021-12-03,160.9200,157.5400,1172300
2021-12-06,157.6000,158.7600,757200
2021-12-07,161.6300,163.6200,504900
2021-12-08,163.7100,164.3000,507000
2021-12-09,163.8000,161.9600,522400
2021-12-10,163.1100,163.6500,562200
2021-12-13,163.6700,161.2700,389100
2021-12-14,159.2200,159.6700,525200
2021-12-15,159.5600,163.1200,497900
2021-12-16,163.7000,159.1200,620800
2021-12-17,157.5400,158.2500,526100
2021-12-20,156.1900,156.5900,768200
2021-12-21,158.0300,160.0000,526200
2021-12-22,159.8700,161.9600,436300
2021-12-23,162.1700,163.2500,370300
2021-12-27,163.8300,165.9000,329200
2021-12-28,166.3700,165.1900,478600
2021-12-29,165.2900,165.1500,284000
2021-12-30,165.0500,164.5100,259300
2021-12-31,164.4500,163.5500,356900
2022-01-03,164.1100,165.2400,629800
2022-01-04,165.4000,163.0700,506700
2022-01-05,162.4500,158.1500,971500
2022-01-06,157.2250,157.9600,922500
2022-01-07,157.8550,156.2700,581900
2022-01-10,154.1450,156.4200,1057000
2022-01-11,156.0850,158.6100,597800
2022-01-12,159.7800,159.3600,426300
2022-01-13,159.8100,155.4700,905400
2022-01-14,154.3400,156.2800,1127900
2022-01-18,153.9900,152.6200,915300
2022-01-19,153.0800,150.7800,816800
2022-01-20,152.0300,148.8100,970900
2022-01-21,147.8900,144.6400,1898100
2022-01-24,142.0400,145.2500,3964600
2022-01-25,142.5350,141.8200,1627800
2022-01-26,145.3100,141.8100,4649100
2022-01-27,143.7200,140.3600,956300
2022-01-28,141.1100,144.6800,914100
2022-01-31,145.2800,149.3100,815000
2022-02-01,149.9000,150.3400,1068300
2022-02-02,152.1250,151.5600,962000
2022-02-03,147.3800,145.4800,1426300
2022-02-04,145.7000,147.1500,1146800
2022-02-07,147.5300,146.1000,583100
2022-02-08,145.6400,147.7400,563700
2022-02-09,149.5900,150.8000,665600
2022-02-10,147.9200,147.5200,1175700
2022-02-11,147.5000,142.8100,934500
2022-02-14,142.5000,142.9900,863600
2022-02-15,145.1700,146.4400,402100
2022-02-16,145.5200,146.4400,674600
2022-02-17,145.1100,142.1100,544300
2022-02-18,142.5200,140.5100,594000
2022-02-22,139.2100,139.1000,987200
2022-02-23,140.4100,135.4700,1381100
2022-02-24,131.1500,139.9700,2256600
2022-02-25,140.3250,142.2400,1045700
2022-02-28,140.8800,142.7900,770000
2022-03-01,142.2000,140.4200,828600
2022-03-02,141.1200,142.8400,828300
2022-03-03,143.9200,140.8200,800800
2022-03-04,139.8000,138.7800,700100
2022-03-07,138.5900,133.6500,1087000
2022-03-08,133.3700,133.0400,1688100
2022-03-09,136.5500,137.7100,686500
2022-03-10,136.1200,136.2800,707800
2022-03-11,137.5400,133.4800,592000
2022-03-14,132.9300,130.9200,966200
2022-03-15,132.0400,135.0200,865700
2022-03-16,136.8700,139.9200,1140800
2022-03-17,139.1800,141.6500,757900
2022-03-18,141.0800,144.5800,883400
2022-03-21,144.1400,144.0300,832600
2022-03-22,144.2700,146.8200,523100
2022-03-23,145.6700,144.7300,813900
2022-03-24,145.5000,147.8800,511500
2022-03-25,147.9200,147.8200,442400
2022-03-28,147.8000,150.0300,637900
2022-03-29,151.8400,152.6700,2558300
2022-03-30,151.9600,151.0500,541700
2022-03-31,151.0700,148.9700,714800
2022-04-01,149.2200,148.8400,453500
2022-04-04,149.2100,151.8700,486800
2022-04-05,151.3500,148.5200,484500
2022-04-06,146.3600,145.2400,1162600
2022-04-07,144.9500,145.6200,714900
2022-04-08,144.8900,143.6600,667800
2022-04-11,141.7700,140.3400,678300
2022-04-12,142.1600,139.6300,1009400
2022-04-13,139.7500,142.4700,574500
2022-04-14,142.5300,139.2100,409100
2022-04-18,138.7900,139.3900,482400
2022-04-19,139.0400,142.4100,448800
2022-04-20,142.8300,140.3600,517700
2022-04-21,142.0700,137.5100,423800
2022-04-22,137.4600,133.8500,732100
2022-04-25,133.1800,135.6000,797000
2022-04-26,134.7300,130.4900,1116300
2022-04-27,130.4500,130.3600,2493000
2022-04-28,132.3900,134.9500,959000
2022-04-29,133.1000,128.9400,1200400
2022-05-02,128.7000,131.0600,1521300
2022-05-03,130.9200,131.2400,1757800
2022-05-04,131.3500,135.6400,1487600
2022-05-05,133.6900,128.9900,1386500
2022-05-06,128.0100,127.2700,1470400
2022-05-09,124.8100,122.3800,1415500
2022-05-10,125.2700,123.8100,3152100
2022-05-11,122.7600,120.1100,2259800
2022-05-12,118.2600,119.8300,1553100
2022-05-13,121.6200,124.0900,785600
2022-05-16,123.4800,122.8600,796200
2022-05-17,125.2200,125.9900,721100
2022-05-18,124.0600,119.8800,914500
2022-05-19,118.9900,119.1000,768800
2022-05-20,120.5600,118.7800,1309900
2022-05-23,119.2200,120.6900,969500
2022-05-24,118.4850,118.1700,1018900
2022-05-25,117.5900,119.8100,788500
2022-05-26,119.4600,123.1400,818800
2022-05-27,124.4400,127.1900,512000
2022-05-31,127.1000,126.9400,672300
2022-06-01,127.7100,125.8700,567400
2022-06-02,125.4200,129.3600,619500
2022-06-03,127.1300,125.9100,370700
2022-06-06,127.8300,126.5000,425400
2022-06-07,124.9020,127.4700,376100
2022-06-08,127.1100,126.5400,317800
2022-06-09,125.8500,123.2100,547200
2022-06-10,120.8100,118.8100,1178900
2022-06-13,115.0700,113.4200,1623800
2022-06-14,114.2300,113.5900,666900
2022-06-15,114.9300,116.4000,1016300
2022-06-16,113.3500,111.7200,1147800
2022-06-17,111.9400,113.0000,905400
2022-06-21,114.6600,115.6200,584000
2022-06-22,114.4600,115.4800,650600
2022-06-23,116.5100,117.1700,706300
2022-06-24,118.4300,121.4100,699900
2022-06-27,121.7800,120.3000,462500
2022-06-28,120.5500,116.6700,458900
2022-06-29,116.5900,116.7800,642500
2022-06-30,115.5500,115.2000,755700
2022-07-01,114.6900,116.0600,821900
2022-07-05,114.5100,118.0100,1149200
2022-07-06,118.2200,118.7600,798200
2022-07-07,119.1500,121.3300,721300
2022-07-08,120.1400,121.4600,510800
2022-07-11,120.4600,118.8700,466500
2022-07-12,119.3800,117.7500,749400
2022-07-13,115.4400,117.5600,808800
2022-07-14,116.4100,117.9600,583200
2022-07-15,119.2200,120.0100,412800
2022-07-18,121.2000,119.0400,624100
2022-07-19,120.6200,122.6400,482800
2022-07-20,122.8900,124.6600,1023500
2022-07-21,124.8500,126.4500,712200
2022-07-22,126.0600,124.2700,711100
2022-07-25,124.2200,123.5800,523600
2022-07-26,122.8000,121.1400,502200
2022-07-27,123.0800,126.2500,686200
2022-07-28,126.1300,127.4700,924100
2022-07-29,128.0700,129.7900,785400
2022-08-01,129.0600,129.7300,533900
2022-08-02,128.7300,129.2900,2538700
2022-08-03,130.1200,132.7300,835700
2022-08-04,132.8700,133.5000,726200
2022-08-05,131.3100,132.4000,736400
2022-08-08,132.5700,131.9500,875700
2022-08-09,131.0900,130.4500,382600
2022-08-10,133.5200,134.0300,1373500
2022-08-11,135.0600,133.3800,593600
2022-08-12,134.2700,135.9600,447800
2022-08-15,135.5800,137.0200,412800
2022-08-16,136.7300,136.7800,534600
2022-08-17,135.3900,135.1600,534900
2022-08-18,135.1000,135.4700,447800
2022-08-19,134.1300,132.8200,1012500
2022-08-22,131.0200,129.3800,535100
2022-08-23,129.1900,129.2500,2853800
2022-08-24,129.0100,129.5500,624500
2022-08-25,130.3400,131.9000,346400
2022-08-26,131.7700,126.5300,1013000
2022-08-29,125.3200,125.2300,772900
2022-08-30,125.9500,123.8500,675100
2022-08-31,125.0500,123.2200,617100
2022-09-01,122.0300,123.1700,947000
2022-09-02,124.4100,121.5100,674800
2022-09-06,121.6300,120.6100,1010000
2022-09-07,120.7400,123.0100,594900
2022-09-08,122.0300,123.6200,1014200
2022-09-09,124.5900,126.2500,670800
2022-09-12,126.9500,127.8100,422900
2022-09-13,124.1700,120.8400,811300
2022-09-14,121.3400,121.8200,1162000
2022-09-15,120.9200,119.7500,758000
2022-09-16,118.3300,118.9300,711600
2022-09-19,117.7000,119.7300,566400
2022-09-20,118.6600,118.7600,377000
2022-09-21,119.1900,116.6300,1427900
2022-09-22,115.9800,115.2000,869500
2022-09-23,114.1800,113.4000,1629900
2022-09-26,113.1200,112.7200,842500
2022-09-27,114.2900,112.9200,947300
2022-09-28,112.8700,115.2100,1202800
2022-09-29,113.4500,111.9400,1324000
2022-09-30,111.4400,109.9500,1200100
2022-10-03,110.7700,112.5300,1097500
2022-10-04,114.7700,116.0900,1051200
2022-10-05,114.4400,115.9600,798500
2022-10-06,115.5600,115.1200,844900
2022-10-07,113.0900,110.6700,1635900
2022-10-10,110.7800,109.5400,987600
2022-10-11,108.8900,108.1600,1381800
2022-10-12,108.4300,108.1100,824400
2022-10-13,104.9600,110.5600,1791100
2022-10-14,111.5600,107.2800,1020400
2022-10-17,109.7200,110.7400,862500
2022-10-18,113.7400,111.7200,973100
2022-10-19,111.0300,111.3000,1168700
2022-10-20,110.8900,110.6700,967700
2022-10-21,110.2200,113.3300,846700
2022-10-24,113.4700,114.5700,1743000
2022-10-25,114.9700,116.8800,689900
2022-10-26,114.5200,114.3000,1193200
2022-10-27,113.8600,112.2100,843200
2022-10-28,111.9300,115.6800,899900
2022-10-31,114.7400,114.3500,606000
2022-11-01,115.8700,113.1700,927800
2022-11-02,113.1500,109.3400,1434400
2022-11-03,108.1000,107.2100,1192500
2022-11-04,109.2900,108.8400,1465700
2022-11-07,109.3300,110.0600,562800
2022-11-08,110.7400,110.8800,1162700
2022-11-09,110.0700,108.3400,674800
2022-11-10,113.5100,116.2400,3049100
2022-11-11,116.2800,118.4600,978800
2022-11-14,117.5900,117.4200,1386400
2022-11-15,120.3000,119.0500,1269000
2022-11-16,118.1500,117.4000,618900
2022-11-17,115.5500,117.1700,874900
2022-11-18,118.4400,117.2900,731800
2022-11-21,116.5800,115.9800,455400
2022-11-22,116.2700,117.5900,697100
2022-11-23,117.6400,118.9000,834400
2022-11-25,118.1400,118.0400,476400
2022-11-28,117.2000,116.2800,530900
2022-11-29,116.3500,115.4600,467000
2022-11-30,115.5400,120.7400,1158200
2022-12-01,120.8200,120.8600,1104000
2022-12-02,118.7600,120.3500,767000
2022-12-05,119.4200,118.3900,474400
2022-12-06,118.2600,116.0300,718200
2022-12-07,115.3100,115.3900,800900
2022-12-08,115.9800,116.7400,716600
2022-12-09,116.3700,116.0700,1071300
2022-12-12,116.0900,117.4700,518100
2022-12-13,122.0600,118.7800,1648100
2022-12-14,118.5300,117.7700,1154600
2022-12-15,116.1500,114.0000,1570500
2022-12-16,113.6100,112.8600,2342100
2022-12-19,112.6600,111.0100,815200
2022-12-20,110.4600,110.8900,733100
2022-12-21,111.3100,112.5000,864500
2022-12-22,111.2100,109.7900,2351700
2022-12-23,109.2000,110.0300,854700
2022-12-27,109.7600,108.3900,1028700
2022-12-28,108.2500,107.0000,854200
2022-12-29,108.2000,109.6500,776100
2022-12-30,108.4500,109.5300,766800
2023-01-03,110.5000,108.7500,1514100
2023-01-04,109.6800,109.3100,750000
2023-01-05,108.5700,107.7000,848900
2023-01-06,108.3600,110.5400,1068700
2023-01-09,111.4900,111.3400,1815400
2023-01-10,110.9000,112.2700,463800
2023-01-11,112.8000,114.2400,536700
2023-01-12,114.5500,114.8100,909900
2023-01-13,113.7600,115.6000,608100
2023-01-17,115.5500,115.8400,844200
2023-01-18,116.5600,114.3200,491100
2023-01-19,113.5700,113.2000,547400
2023-01-20,113.8600,116.3100,547600
2023-01-23,116.6500,118.8600,731700
2023-01-24,118.2300,118.6400,706100
2023-01-25,116.7000,118.3900,604700
2023-01-26,119.8250,120.6900,749100
2023-01-27,120.1500,121.8700,1474800
2023-01-30,120.4800,119.3900,555000
2023-01-31,119.5000,121.2200,961800
2023-02-01,121.1200,123.8200,1414400
2023-02-02,126.5600,128.2000,1880000
2023-02-03,125.3600,125.9900,1305300
2023-02-06,124.8700,124.8700,978300
2023-02-07,124.8400,127.4900,4281500
2023-02-08,126.9300,125.2200,1015100
2023-02-09,127.1400,124.1300,955800
2023-02-10,123.1900,123.3200,597500
2023-02-13,123.8700,125.3100,893600
2023-02-14,124.6500,126.2100,603000
2023-02-15,125.4500,127.1800,436200
2023-02-16,125.2300,124.7900,585700
2023-02-17,123.8300,123.9000,1586400
2023-02-21,122.2600,121.0100,893600
2023-02-22,121.2200,121.0200,1764900
2023-02-23,122.5800,122.0800,776600
2023-02-24,119.9800,120.0500,1010200
2023-02-27,121.4100,120.9300,661400
2023-02-28,120.6700,120.7900,701800
2023-03-01,120.6200,119.7800,612200
2023-03-02,118.7400,120.8700,622200
2023-03-03,121.5400,123.3000,697500
2023-03-06,123.8700,123.4500,1120500
2023-03-07,123.4600,121.9300,3501300
2023-03-08,122.1100,122.5300,522300
2023-03-09,122.7200,120.3700,770600
2023-03-10,120.4500,118.7400,1956400
2023-03-13,117.9100,119.5500,2473000
2023-03-14,121.1200,122.2700,1065000
2023-03-15,121.2100,122.9400,1379200
2023-03-16,122.5900,126.2000,1123700
2023-03-17,126.1300,125.6300,2094700
2023-03-20,125.1200,125.7800,910200
2023-03-21,126.6400,127.6100,3538800
2023-03-22,127.6300,125.8500,2601000
2023-03-23,127.4700,127.4100,1727900
2023-03-24,127.2000,127.8600,1053600
2023-03-27,128.1600,127.0000,1163600
2023-03-28,126.7100,126.3200,647600
2023-03-29,127.8600,128.6400,632300
2023-03-30,129.6300,129.8400,1087900
2023-03-31,129.9300,132.0100,602700
2023-04-03,131.0600,131.6600,1073200
2023-04-04,131.8800,131.2300,966700
2023-04-05,130.7900,129.8800,970300
2023-04-06,129.2500,130.8100,634400
2023-04-10,129.5600,130.7200,950100
2023-04-11,130.7100,129.8700,568100
2023-04-12,130.7300,128.7100,1110800
2023-04-13,129.4800,131.3000,522000
2023-04-14,130.6200,131.0400,541900
2023-04-17,130.8500,131.1400,402900
2023-04-18,132.0200,131.1100,783100
2023-04-19,130.1400,131.1100,583700
2023-04-20,129.8400,130.0700,712900
2023-04-21,129.9300,130.1900,529300
2023-04-24,130.1200,129.9500,683900
2023-04-25,129.3100,127.4800,797300
2023-04-26,128.8400,128.2300,746700
2023-04-27,129.8400,131.7400,787400
2023-04-28,131.6500,132.6800,927700
2023-05-01,132.4600,132.4800,561000
2023-05-02,132.5000,131.3100,986000
2023-05-03,131.5100,130.5000,920600
2023-05-04,130.3900,130.1000,629300
2023-05-05,130.8900,132.8300,735000
2023-05-08,132.6500,133.1800,1496500
2023-05-09,132.4600,132.3200,959600
2023-05-10,133.3200,133.7200,696800
2023-05-11,133.9800,134.1800,753600
2023-05-12,134.4200,133.6500,591100
2023-05-15,133.8700,134.4300,553600
2023-05-16,134.1600,134.5600,590900
2023-05-17,135.0100,136.1500,837000
2023-05-18,136.3800,138.7100,1059600
2023-05-19,138.8200,138.3800,1003500
2023-05-22,138.3600,138.9400,756600
2023-05-23,138.1900,137.1000,1737000
2023-05-24,136.2900,136.4300,2195900
2023-05-25,139.5200,139.7200,1230700
2023-05-26,140.1900,143.3100,1269200
2023-05-30,145.1500,143.9300,1282400
2023-05-31,143.3100,143.0900,1494100
2023-06-01,143.0600,144.7900,699300
2023-06-02,145.5100,145.9100,1266900
2023-06-05,145.8400,145.9600,8216900
2023-06-06,145.7200,145.9600,933800
2023-06-07,146.1400,143.4900,1048400
2023-06-08,143.6200,145.1800,559300
2023-06-09,145.9300,145.7800,839100
2023-06-12,146.5300,148.2700,696000
2023-06-13,149.4600,149.4500,1007700
2023-06-14,149.4700,150.5300,1288100
2023-06-15,150.0000,152.2900,949800
2023-06-16,153.3300,151.3200,1002400
2023-06-20,150.5500,150.9500,1093000
2023-06-21,150.4500,148.9600,973600
2023-06-22,148.3800,150.6400,763500
2023-06-23,148.9900,149.1200,633000
2023-06-26,148.9600,147.2000,2466400
2023-06-27,147.7900,149.6900,2390100
2023-06-28,148.9300,149.9900,740000
2023-06-29,149.8400,149.6800,778700
2023-06-30,151.2000,151.9800,908400
2023-07-03,152.2200,152.3600,428900
2023-07-05,151.6800,152.3100,893500
2023-07-06,150.7800,151.1400,1248200
2023-07-07,151.0900,150.7100,888900
2023-07-10,150.5300,150.7400,885800
2023-07-11,150.9000,151.4300,898800
2023-07-12,153.2200,153.3600,1346000
2023-07-13,154.7200,155.9400,981600
2023-07-14,156.2000,155.9700,1169800
2023-07-17,156.2600,157.3400,682400
2023-07-18,157.1500,158.7000,1215900
2023-07-19,159.1400,158.5300,1192300
2023-07-20,157.4000,154.9900,974100
2023-07-21,155.9900,154.5400,915900
2023-07-24,154.8800,154.7900,742500
2023-07-25,155.1100,155.8800,647700
2023-07-26,155.4000,155.2900,964600
2023-07-27,157.5900,154.9300,1110500
2023-07-28,156.6600,157.7300,1118600
2023-07-31,157.9200,157.9300,945200
2023-08-01,157.2800,157.4900,795400
2023-08-02,156.0400,154.0300,1291100
2023-08-03,153.0300,153.7400,1029500
2023-08-04,154.5800,153.0600,1220900
2023-08-07,153.8200,154.3200,1567200
2023-08-08,153.3200,153.0100,1266300
2023-08-09,153.1300,151.3100,1736100
2023-08-10,152.6000,151.6600,1097000
2023-08-11,150.5400,150.6700,838700
2023-08-14,150.3800,152.4000,764500
2023-08-15,151.9600,150.7800,977900
2023-08-16,150.5400,149.1300,1037400
2023-08-17,149.7400,147.5100,1460300
2023-08-18,146.1000,147.3100,1022400
2023-08-21,147.9300,149.7500,2346900
2023-08-22,150.8000,149.5000,915900
2023-08-23,149.9700,151.9000,732400
2023-08-24,153.3200,148.5800,1353700
2023-08-25,148.9600,149.8100,1326100
2023-08-28,151.0300,150.9500,780900
2023-08-29,150.7900,154.1500,811700
2023-08-30,154.2500,155.0800,1261700
2023-08-31,155.0600,155.4300,725100
2023-09-01,156.5100,155.3700,1110400
2023-09-05,155.0000,155.5500,706400
2023-09-06,155.2100,154.2300,921000
2023-09-07,152.3100,153.0600,1088700
2023-09-08,153.0500,153.2800,1028100
2023-09-11,154.5600,155.1100,1247900
2023-09-12,154.4000,153.3900,1079200
2023-09-13,153.4600,153.9900,825300
2023-09-14,154.6900,155.2300,698300
2023-09-15,154.6700,152.5000,1116500
2023-09-18,151.9200,152.4900,782800
2023-09-19,151.9100,152.1800,802800
2023-09-20,152.6000,149.9900,1389400
2023-09-21,148.4300,147.1600,1207500
2023-09-22,147.9800,147.2500,1202900
2023-09-25,146.8200,147.9500,844700
2023-09-26,146.9300,145.6900,1384000
2023-09-27,146.1800,146.0600,1495700
2023-09-28,145.6600,147.2300,1620200
2023-09-29,148.7200,147.4100,1517600
2023-10-02,147.4800,148.6500,2144600
2023-10-03,147.5900,145.9900,1379100
2023-10-04,146.4200,148.0100,969600
2023-10-05,147.9900,147.5300,899900
2023-10-06,146.3300,149.9900,1372500
2023-10-09,148.9900,150.7900,746900
2023-10-10,150.9500,151.6100,1103900
2023-10-11,152.1800,152.7100,1025500
2023-10-12,152.9600,152.1600,1983200
2023-10-13,152.4500,150.2700,1044100
2023-10-16,150.8100,152.0100,687500
2023-10-17,150.4700,151.5000,932900
2023-10-18,150.4200,149.4900,1282400
2023-10-19,150.0600,148.0700,1339600
2023-10-20,147.9000,145.8900,1546500
2023-10-23,145.2900,146.3200,1505900
2023-10-24,147.0800,147.7300,1009200
2023-10-25,146.7300,144.1300,1450300
2023-10-26,143.6300,141.2600,2115500
2023-10-27,142.5300,142.0900,1791100
2023-10-30,143.0900,143.6700,1078500
2023-10-31,143.6600,144.3300,6855600
2023-11-01,144.6900,146.9300,1408700
2023-11-02,148.7300,149.5100,2679400
2023-11-03,150.0600,151.3000,1677900
2023-11-06,151.6100,151.8700,1671700
2023-11-07,152.3300,153.3300,1201400
2023-11-08,153.4900,153.4500,1130200
2023-11-09,153.7200,152.2900,2382600
2023-11-10,152.9700,155.6400,2247800
2023-11-13,155.0500,155.2200,1368000
2023-11-14,157.8700,158.5300,1487200
2023-11-15,159.3500,158.6600,1096900
2023-11-16,158.3200,158.8000,1447800
2023-11-17,158.4900,158.8400,898700
2023-11-20,158.8200,160.7600,5628300
2023-11-21,160.0600,159.8300,1297000
2023-11-22,160.7100,160.4900,1596500
2023-11-24,160.3500,160.2600,504700
2023-11-27,160.0500,160.1000,1168200
2023-11-28,159.8100,160.5200,1251600
2023-11-29,161.5500,160.4000,841800
2023-11-30,160.4700,159.9500,1216600
2023-12-01,159.5200,160.4300,1212000
2023-12-04,158.8700,158.9300,2054700
2023-12-05,158.1300,159.3500,3481000
2023-12-06,160.5700,158.4000,1878500
2023-12-07,159.6600,160.6900,1269300
2023-12-08,159.9200,161.3700,1461600
2023-12-11,161.2300,162.7500,897700
2023-12-12,162.7700,164.0800,773100
2023-12-13,164.4200,166.1200,2177000
2023-12-14,166.6600,165.9700,1779300
2023-12-15,166.3500,166.6300,1465400
2023-12-18,166.5800,167.4800,1690100
2023-12-19,167.6800,168.2900,1065000
2023-12-20,168.0000,165.8100,1346100
2023-12-21,167.4400,167.7500,1171600
2023-12-22,168.2700,168.0200,1329800
2023-12-26,168.3600,169.0300,794500
2023-12-27,169.1800,169.3500,1616300
2023-12-28,169.8400,169.2800,1279800
2023-12-29,169.3000,168.5400,1147900
2024-01-02,167.0300,165.7000,2061700
2024-01-03,164.6200,163.9200,1871000
2024-01-04,163.1800,163.1100,1375700
2024-01-05,163.1800,163.3200,1114000
2024-01-08,163.8300,166.7000,1894200
2024-01-09,165.4200,167.0200,1583700
2024-01-10,167.1500,168.1600,1122200
2024-01-11,168.7000,168.5400,4047600
2024-01-12,168.9200,168.6000,1289100
2024-01-16,168.0700,168.5700,1202700
2024-01-17,167.2000,167.6200,3775400
2024-01-18,169.0800,170.0900,1867700
2024-01-19,170.9300,173.3900,1876100
2024-01-22,174.2800,173.6000,2086400
2024-01-23,173.8800,174.3700,1043200
2024-01-24,175.9300,175.2900,2255800
2024-01-25,176.3400,175.4900,1431500
2024-01-26,174.6900,174.4700,1054900
2024-01-29,174.6500,176.2500,1117000
2024-01-30,175.8400,175.0500,1683300
2024-01-31,173.2400,171.6100,2298800
2024-02-01,172.3800,173.7200,2048200
2024-02-02,174.4700,176.6700,2009700
2024-02-05,176.6100,176.3800,1663700
2024-02-06,176.8200,176.0400,1471100
2024-02-07,177.1600,177.8200,1445600
2024-02-08,177.9400,178.1700,817800
2024-02-09,178.6200,179.9000,1763300
2024-02-12,179.8700,179.2000,1826200
2024-02-13,175.8900,176.4000,1726200
2024-02-14,177.5600,178.3500,992700
2024-02-15,178.6500,178.8800,1339500
2024-02-16,179.0400,177.2500,2130900
2024-02-20,176.4500,175.9100,5382800
2024-02-21,174.7700,175.1800,2359800
2024-02-22,178.8700,180.3600,2738200
2024-02-23,181.0000,179.8100,1355400
2024-02-26,180.1600,179.7400,1129900
2024-02-27,180.1800,180.1600,1076000
2024-02-28,179.2600,179.1900,1594600
2024-02-29,180.4000,180.6900,1230900
2024-03-01,181.0900,183.4800,1554300
2024-03-04,183.4700,182.7600,1453700
2024-03-05,181.4500,179.5100,2065000
2024-03-06,181.3400,180.6700,1524700
2024-03-07,182.1500,183.3900,1841600
2024-03-08,183.5100,180.7400,2679600
2024-03-11,180.0500,180.0800,2221200
2024-03-12,181.0500,182.6300,4639500
2024-03-13,182.2400,181.2400,1674200
2024-03-14,181.7800,180.8100,1672700
2024-03-15,179.5000,178.6400,2464100
2024-03-18,180.4900,179.9900,3187200
2024-03-19,179.1800,180.4300,1451200
2024-03-20,180.9450,182.5900,1301800
2024-03-21,184.6800,183.4200,1914700
2024-03-22,183.2500,183.5900,1142800
2024-03-25,182.4200,183.0000,1089800
2024-03-26,183.6100,182.4000,1432300
2024-03-27,183.6900,183.0700,2540700
2024-03-28,183.0400,182.6900,1343700
2024-04-01,183.0800,183.1100,1510000
2024-04-02,181.0800,181.5000,1803400
2024-04-03,180.6600,181.9100,1773500
2024-04-04,183.6700,179.1200,2354100
2024-04-05,179.7500,181.2400,2193700
2024-04-08,181.6500,181.3100,1171400
2024-04-09,182.2700,181.9500,1335800
2024-04-10,179.7700,180.3800,1667500
2024-04-11,181.1400,183.2900,986500
2024-04-12,181.4800,180.3300,2174600
2024-04-15,181.8900,177.3600,3120100
2024-04-16,177.2800,177.3700,2670400
2024-04-17,178.2300,175.2300,1996300
2024-04-18,175.4900,174.2600,1978500
2024-04-19,173.7300,170.6300,2820600
2024-04-22,171.7200,172.3500,1469300
2024-04-23,173.1600,174.9000,2176200
2024-04-24,176.2200,175.4900,1234900
2024-04-25,172.5000,174.6500,1234800
2024-04-26,175.9900,177.3500,1044100
2024-04-29,178.2400,178.0600,1590700
2024-04-30,177.3900,174.6800,1239100
2024-05-01,174.0800,173.4500,1449600
2024-05-02,175.0200,175.6500,1275100
2024-05-03,178.7800,179.2000,1944800
2024-05-06,179.9700,181.1900,984100
2024-05-07,181.3500,181.1900,1363700
2024-05-08,180.1000,181.0800,818800
2024-05-09,181.1600,181.4800,1437700
2024-05-10,182.1100,181.9000,957700
2024-05-13,182.6900,182.3400,1291300
2024-05-14,182.1500,183.5000,1155300
2024-05-15,184.5400,186.3500,1657400
2024-05-16,186.3000,185.9900,1669100
2024-05-17,186.0500,185.9100,1114100
2024-05-20,186.0000,187.2000,1119800
2024-05-21,186.4500,187.5700,1010600
2024-05-22,187.6800,187.5200,1052500
2024-05-23,189.5200,186.7000,6090500
2024-05-24,187.3900,188.4800,1484300
2024-05-28,188.9400,189.1800,1518000
2024-05-29,187.4100,187.8800,1338400
2024-05-30,187.4300,185.8500,1879100
2024-05-31,185.8900,185.8700,1891100
2024-06-03,187.1200,186.4900,1786700
2024-06-04,186.3500,186.9700,2749900
2024-06-05,188.4600,190.7300,1272500
2024-06-06,191.0400,190.7000,2667100
2024-06-07,190.4200,190.5300,1028800
2024-06-10,190.0700,191.2800,957500
2024-06-11,190.7400,192.6000,957700
2024-06-12,194.2200,195.0900,1141500
2024-06-13,196.5900,196.1800,1105300
2024-06-14,196.0900,197.1900,1481000
2024-06-17,197.2900,199.6100,1343400
2024-06-18,199.6100,199.6700,1108700
2024-06-20,200.1700,198.1200,1635900
2024-06-21,198.0100,197.5400,1450800
2024-06-24,196.8000,195.0500,1379000
2024-06-25,195.9000,197.2700,899600
2024-06-26,196.9200,197.7000,816200
2024-06-27,197.5800,198.1900,1183200
2024-06-28,198.5000,197.1100,2099400
2024-07-01,197.5500,198.3300,1526800
2024-07-02,197.7100,200.4000,1097400
2024-07-03,200.1000,202.0600,1015300
2024-07-05,202.4800,204.1900,1720100
2024-07-08,204.3500,204.7000,1541200
2024-07-09,205.3100,204.8500,1509000
2024-07-10,205.6400,207.0000,1240300
2024-07-11,207.0200,202.4400,2584400
2024-07-12,202.6900,203.6700,1726200
2024-07-15,204.3600,204.2000,2237200
2024-07-16,204.7700,204.2600,1372800
2024-07-17,200.9300,198.3000,2635600
2024-07-18,199.8800,197.3000,2760500
2024-07-19,197.1800,195.5600,2153500
2024-07-22,198.0000,198.4900,2160200
2024-07-23,198.1100,197.7800,1241600
2024-07-24,195.0100,190.7200,1870300
2024-07-25,190.8400,188.5500,2784700
2024-07-26,190.4000,190.5500,2458100
2024-07-29,191.6500,190.9100,1168000
2024-07-30,191.7200,188.2900,1187800
2024-07-31,192.6300,193.7600,2412500
2024-08-01,194.1700,189.1900,3353600
2024-08-02,185.5500,184.6700,3757100
2024-08-05,174.7000,179.3600,5114000
2024-08-06,179.9400,180.9200,3959700
2024-08-07,183.7600,178.9400,2830600
2024-08-08,181.5300,184.3700,2821800
2024-08-09,183.8700,185.3400,1758700
2024-08-12,185.7400,185.8100,1701700
2024-08-13,187.5800,190.3800,1478100
2024-08-14,190.7400,190.4500,1922800
2024-08-15,192.9600,195.2700,1464100
2024-08-16,194.5800,195.5000,1367100
2024-08-19,195.5400,198.0700,1382900
2024-08-20,197.7000,197.6400,1511200
2024-08-21,197.9700,198.6000,1031900
2024-08-22,199.5200,195.4300,1305200
2024-08-23,197.2400,197.5300,1714400
2024-08-26,197.3400,195.6300,1944500
2024-08-27,194.9700,196.2400,1652200
2024-08-28,196.0200,194.0300,1992700
2024-08-29,194.7900,193.7100,2830400
2024-08-30,195.4500,196.0800,1715900
2024-09-03,194.7400,190.0800,2881000
2024-09-04,188.8000,189.5500,2238900
2024-09-05,188.8900,189.7800,2594600
2024-09-06,189.4400,184.7000,2568200
2024-09-09,186.4600,187.0400,2930900
2024-09-10,187.7700,188.7300,1460900
2024-09-11,189.2600,192.8000,2415700
2024-09-12,192.8900,194.7700,1943600
2024-09-13,194.4500,195.6300,2525400
2024-09-16,194.7600,194.7900,1611800
2024-09-17,196.0500,194.9000,1421500
2024-09-18,195.3200,194.0300,2356400
2024-09-19,198.6600,198.9400,4061900
2024-09-20,198.5700,198.5900,1810500
2024-09-23,198.7700,198.8000,2300100
2024-09-24,199.3800,199.7400,2372300
2024-09-25,199.5800,199.9800,1948200
2024-09-26,203.0300,201.4400,2454300
2024-09-27,201.9100,200.3200,2105400
2024-09-30,199.9200,200.8500,1716300
2024-10-01,200.7700,198.0600,2527800
2024-10-02,197.7000,198.3600,1313500
2024-10-03,197.4500,198.2000,1632500
2024-10-04,200.6200,200.5600,1667700
2024-10-07,199.8000,198.4100,1571400
2024-10-08,199.4300,201.3800,1286600
2024-10-09,201.2600,202.9700,2231200
2024-10-10,202.0200,202.7700,1429600
2024-10-11,201.9700,203.0300,824800
2024-10-14,204.0700,204.7500,1012700
2024-10-15,204.8900,202.0200,1813700
2024-10-16,202.1300,202.0200,1498100
2024-10-17,204.3000,202.2000,1399600
2024-10-18,203.3300,203.5200,1661200
2024-10-21,203.0200,203.8900,1296000
2024-10-22,202.7900,204.1100,2778500
2024-10-23,203.1400,201.0200,1568400
2024-10-24,202.5100,202.6200,1456100
2024-10-25,203.7800,203.8500,2144700
2024-10-28,205.1500,203.9100,1485300
2024-10-29,204.0200,205.8100,1227300
2024-10-30,205.5600,204.3100,1158200
2024-10-31,202.6600,199.1300,2249100
2024-11-01,199.8000,200.6000,1574500
2024-11-04,200.3700,200.0200,1606300
2024-11-05,200.7100,202.5800,1277400
2024-11-06,206.1000,208.0700,2837100
2024-11-07,209.2700,211.3500,1749800
2024-11-08,211.1800,211.6200,1311100
2024-11-11,212.1200,211.5000,1503000
2024-11-12,211.4400,211.1300,1384100
2024-11-13,210.8900,210.8300,1322700
2024-11-14,210.7000,209.3400,1020800
2024-11-15,207.0100,204.3500,1775400
2024-11-18,204.9900,205.8000,1323400
2024-11-19,204.7100,207.2100,1283600
2024-11-20,207.0900,207.1100,2509100
2024-11-21,208.3600,207.8800,3741000
2024-11-22,207.6300,208.1800,1603300
2024-11-25,209.8900,208.5100,1484800
2024-11-26,209.1200,209.6300,1175800
2024-11-27,209.1500,208.0000,1384200
2024-11-29,208.2400,209.8000,823500
2024-12-02,210.3300,212.1000,1647000
2024-12-03,211.5300,212.7500,1030600
2024-12-04,214.1700,215.3700,1823800
2024-12-05,215.4600,214.8000,870500
2024-12-06,215.0900,216.7200,1054900
2024-12-09,216.3100,215.0400,1864800
2024-12-10,215.5000,214.2800,1863900
2024-12-11,216.0900,218.1300,1848200
2024-12-12,217.2200,216.7300,1325600
2024-12-13,218.3500,218.4100,1437000
2024-12-16,219.4400,221.5100,1637300
2024-12-17,220.7700,220.5800,2469100
2024-12-18,220.2500,212.6400,3030500
2024-12-19,214.5300,211.6200,2434100
2024-12-20,210.1200,213.5400,3053000
2024-12-23,213.8600,215.2800,1816700
2024-12-24,216.0700,218.2100,1786500
2024-12-26,217.5000,218.0400,970300
2024-12-27,216.5500,215.1500,1696000
2024-12-30,212.2200,212.2600,3511900
2024-12-31,212.8000,210.4500,2356500
2025-01-02,211.7500,210.0500,3223300
2025-01-03,211.3500,213.4600,2626100
2025-01-06,215.7200,215.9300,2185000
2025-01-07,216.4800,212.0900,2788800
2025-01-08,212.0500,212.1700,1991500
2025-01-10,210.5800,208.8500,2804600
2025-01-13,206.3400,208.1400,1823400
2025-01-14,209.5500,207.9500,1651100
2025-01-15,211.2000,212.6600,1966900
2025-01-16,213.6800,211.2200,1765700
2025-01-17,215.2100,214.7800,1776000
2025-01-21,215.9700,216.1000,2070000
2025-01-22,218.0100,218.8300,2433400
2025-01-23,217.7800,219.3100,1914400
2025-01-24,219.4300,218.0500,1854200
2025-01-27,210.4000,211.7100,5208400
2025-01-28,212.1800,214.8100,2485700
2025-01-29,215.1200,214.4400,2332200
2025-01-30,215.6350,215.3400,2123100
2025-01-31,216.9200,214.9900,3521100
2025-02-03,211.4200,213.3100,2447300
2025-02-04,213.5200,215.9500,1612600
2025-02-05,214.8400,216.9000,1896900
2025-02-06,217.0700,218.0400,2485400
2025-02-07,218.2700,215.3500,2458600
2025-02-10,217.0600,217.8600,1753400
2025-02-11,216.5500,217.4000,1318300
2025-02-12,215.0500,217.5400,2770200
2025-02-13,218.2200,220.6100,2011800
2025-02-14,220.7100,221.5600,1483300
2025-02-18,222.2200,222.0900,1868400
2025-02-19,221.7600,222.1000,1409600
2025-02-20,221.7900,221.1800,1561200
2025-02-21,221.6300,216.6100,2301200
2025-02-24,217.3300,214.0400,2555400
2025-02-25,213.7650,211.3700,2772400
2025-02-26,212.2600,211.8800,1783100
2025-02-27,213.3000,206.0500,2649900
2025-02-28,205.9100,209.2600,3422000
2025-03-03,210.6000,204.7500,5424500
2025-03-04,203.4700,204.0200,3914000
2025-03-05,204.2600,206.6400,2558800
2025-03-06,203.2700,201.0600,3010400
2025-03-07,200.5600,202.5000,3193800
2025-03-10,199.0300,194.8700,4535200
2025-03-11,194.4000,194.1300,5166800
2025-03-12,197.2800,196.3800,2607700
2025-03-13,196.0800,192.8200,3356000
2025-03-14,195.0200,197.4800,2113100
2025-03-17,197.4600,198.7600,2280100
2025-03-18,197.3700,195.4800,1485100
2025-03-19,196.3000,197.9900,1629400
2025-03-20,196.3500,197.3000,1797200
2025-03-21,195.1400,198.0100,2205100
2025-03-24,200.8200,201.8800,1728200
2025-03-25,202.3100,203.1300,1713800
2025-03-26,202.6900,199.4200,1571700
2025-03-27,198.5900,198.2400,2509900
2025-03-28,197.5300,193.0800,2568800
2025-03-31,190.1900,193.0200,2543200
2025-04-01,192.3600,194.6000,2453300
2025-04-02,191.9300,196.0000,2414900
2025-04-03,187.9000,185.6300,5097300
2025-04-04,180.3100,174.2800,9258700
2025-04-07,168.1300,174.5100,11320900
2025-04-08,180.4400,171.4000,5903100
2025-04-09,171.1200,191.5200,7402900
2025-04-10,186.7600,183.7500,6143800
2025-04-11,183.1900,187.0200,3725700
2025-04-14,191.3000,188.4200,3689000
2025-04-15,188.7600,188.5800,2441400
2025-04-16,184.8600,182.9000,3299400
2025-04-17,184.0700,182.8600,2914200
2025-04-21,180.4400,178.4000,2380800
2025-04-22,180.7000,183.0000,2530000
2025-04-23,188.6400,187.0700,3557100
2025-04-24,187.9400,192.3800,2609500
2025-04-25,192.2600,194.5600,1995600
2025-04-28,194.7400,194.5100,3854100
2025-04-29,193.6800,195.8100,2519600
2025-04-30,192.3700,195.8500,2990400
2025-05-01,199.0200,198.1500,2594400
2025-05-02,200.3200,201.2400,2375200
2025-05-05,199.5350,200.1200,1349800
2025-05-06,197.4600,198.2100,2997000
2025-05-07,198.4900,199.0200,2086300
2025-05-08,201.1100,201.0300,3490500
2025-05-09,201.8800,200.9600,1836700
2025-05-12,208.7500,209.0700,4901900
2025-05-13,209.6400,212.2700,5310200
2025-05-14,212.7600,213.5400,3653400
2025-05-15,212.6600,213.8200,2689300
2025-05-16,214.3700,214.7000,2074300
2025-05-19,211.7600,214.9400,2748000
2025-05-20,213.8800,214.2000,1941200
2025-05-21,212.5500,211.2100,5052400
2025-05-22,211.4900,211.6700,2382500
2025-05-23,208.4100,209.6600,3368900
2025-05-27,212.5200,214.6100,4156100
2025-05-28,215.0000,213.6600,2878000
2025-05-29,216.7000,214.0900,3071500
2025-05-30,213.9000,213.7500,2455100
2025-06-02,212.9600,215.4300,3040900
2025-06-03,215.6000,217.1100,2408700
2025-06-04,217.3900,217.6800,2358900
2025-06-05,218.2900,216.0200,3755200
2025-06-06,218.2300,218.1600,2287200
2025-06-09,218.2800,218.5200,1896500
2025-06-10,218.6900,219.9500,2357400
2025-06-11,220.5300,219.2200,3214800
2025-06-12,218.6200,219.7200,2675500
2025-06-13,217.2900,216.9400,4208800
2025-06-16,218.4500,219.9900,2344300
2025-06-17,218.9500,217.8200,2543900
2025-06-18,218.2600,217.8000,1910200
2025-06-20,219.0900,216.8400,3764800
2025-06-23,216.8200,218.8000,2517300
2025-06-24,220.9800,222.1500,3820400
2025-06-25,223.1200,222.7300,2368600
2025-06-26,223.6400,224.8100,2206000
2025-06-27,225.2100,225.5900,2310100
2025-06-30,226.9100,227.1000,4333900
2025-07-01,226.3000,225.1100,4690000
2025-07-02,224.8000,226.7100,3452400
2025-07-03,227.7800,228.9200,1961200
2025-07-07,227.8300,227.1800,2752100
2025-07-08,227.7700,227.3500,2538900
2025-07-09,228.2200,228.9700,2980700
2025-07-10,229.2100,228.6300,2253800
2025-07-11,227.7200,228.1300,2328900
2025-07-14,228.0500,228.9400,1550400
2025-07-15,230.6100,229.1700,3282500
2025-07-16,229.4000,229.4200,2870900
2025-07-17,229.6800,231.2500,3411300
2025-07-18,231.7900,231.0500,2581600
2025-07-21,231.3900,232.2200,2229900
2025-07-22,232.3000,231.0500,2448900
2025-07-23,231.4900,232.1000,2567900
2025-07-24,232.6200,232.5900,3013600
2025-07-25,232.5500,233.1400,2845200
2025-07-28,233.7000,233.8900,1726300
2025-07-29,234.9400,233.5400,2179400
2025-07-30,233.8900,233.8000,2449700
2025-07-31,236.4900,232.5700,4007700
2025-08-01,230.0500,228.0200,6079400
2025-08-04,230.1400,232.2200,3069500
2025-08-05,232.7500,230.6000,3736200
2025-08-06,230.9900,233.5200,3821100
2025-08-07,235.3100,234.3500,3014400
2025-08-08,234.8300,236.5200,2043100
2025-08-11,236.5800,235.8300,2002500
2025-08-12,236.7800,238.7800,3371300
2025-08-13,239.9200,238.9100,2522300
2025-08-14,238.0900,238.6950,2851300
2025-08-15,238.6800,237.6500,2553300
2025-08-18,237.2800,237.5700,3544200
2025-08-19,237.2600,234.3600,3131600
2025-08-20,233.9600,232.9700,5472400
2025-08-21,232.3100,231.9200,6264700
2025-08-22,232.4500,235.4700,3693800
2025-08-25,234.8200,234.7800,3190900
2025-08-26,234.5600,235.7600,4086700
2025-08-27,235.3200,236.1000,4986100
2025-08-28,236.3400,237.5800,3446400
2025-08-29,236.5500,234.8100,3796500
2025-09-02,231.0700,232.8500,3856900
2025-09-03,234.3200,234.6300,2911400
2025-09-04,234.9800,236.7900,2430400
2025-09-05,238.9700,237.1500,3916700
2025-09-08,238.1000,238.2800,2555100
2025-09-09,238.6700,238.9900,3080400
2025-09-10,240.2500,239.0600,4142200
2025-09-11,240.1100,240.4600,3322000
2025-09-12,240.8400,241.5000,3439900
2025-09-15,242.2450,243.6000,2979700
2025-09-16,243.9500,243.3800,2914700
2025-09-17,243.3500,242.8900,3777000
2025-09-18,244.9000,245.1200,3904600
2025-09-19,245.9100,246.7900,3421600
2025-09-22,246.0600,247.9000,3349500
2025-09-23,247.9500,246.2500,4309500
2025-09-24,246.8000,245.3900,4087500
2025-09-25,243.7800,244.3300,4235600
2025-09-26,244.6400,245.3700,3601000
2025-09-29,246.6300,246.4800,3760700
2025-09-30,246.3450,247.1200,4056100
2025-10-01,245.8300,248.3300,3741100
2025-10-02,249.9200,249.3300,2760700
2025-10-03,249.7100,248.3200,3273900
2025-10-06,250.4500,250.1700,3054600
2025-10-07,250.7100,248.8500,3510100
2025-10-08,249.2100,251.7100,3288800
2025-10-09,251.7200,251.4100,4273100
2025-10-10,251.6900,242.6700,10564800
2025-10-13,246.8600,247.8300,5619600
2025-10-14,245.1100,246.2100,4754800
2025-10-15,248.6400,247.8800,5317500
2025-10-16,249.0900,247.0000,6456600
2025-10-17,246.1100,248.6100,5993800
2025-10-20,249.9400,251.7600,3737500
2025-10-21,251.7900,251.6900,3034500
2025-10-22,251.4500,249.2600,6225000
2025-10-23,249.0300,251.3900,3357600
2025-10-24,253.5800,254.0200,3295200
2025-10-27,257.0750,258.5800,4014900
2025-10-28,259.5000,260.5700,3408000
2025-10-29,261.6600,261.7900,4368400
2025-10-30,260.2450,257.7200,7240500
2025-10-31,261.0700,258.9600,5000300
2025-11-03,261.4800,260.2300,4537400
2025-11-04,256.5800,254.9500,6876800
2025-11-05,254.6400,256.5800,3666700
2025-11-06,255.9900,251.8300,5797600
2025-11-07,250.4400,251.0600,5909500
2025-11-10,254.8100,256.5800,4910700
2025-11-11,255.4900,255.8900,3758800
2025-11-12,257.2500,255.7100,3860000
2025-11-13,254.2600,250.4800,6283400
2025-11-14,246.8400,250.6500,5872000
2025-11-17,249.5900,248.5300,5541100
2025-11-18,246.8600,245.5100,8310100
2025-11-19,245.8100,246.9500,5309200
2025-11-20,251.8300,241.1100,12592000
2025-11-21,241.8700,242.9200,11263600
2025-11-24,245.0800,249.1400,4607100
2025-11-25,248.4600,250.6700,5072900
2025-11-26,252.1900,252.9200,3576400
2025-11-28,253.6600,254.9000,1616900
2025-12-01,252.6500,254.1300,3879200
2025-12-02,255.0500,256.0900,3560100
2025-12-03,255.1100,256.7100,5199600
2025-12-04,257.3100,256.4600,3034100
2025-12-05,257.0700,257.5300,3551100
2025-12-08,258.2000,257.0300,3494700
2025-12-09,256.5000,257.3500,3801800
2025-12-10,256.8100,258.3900,5872700
2025-12-11,256.8400,257.5500,5368200
2025-12-12,256.1300,252.5700,7614600
2025-12-15,254.5800,251.3600,5671600
2025-12-16,250.3900,251.8500,7126800
2025-12-17,252.4100,247.1900,6585600
2025-12-18,251.0100,250.7600,7752500
2025-12-19,251.9700,254.1000,4951900
2025-12-22,255.8200,254.9300,4182100
2025-12-23,254.4800,256.1800,3349200
2025-12-24,256.0900,256.8700,2482100
2025-12-26,257.1650,256.8800,2818900
2025-12-29,255.3000,255.6500,4167200
2025-12-30,255.2100,255.0400,3761000
2025-12-31,255.1200,252.9200,3854000
2026-01-02,255.2950,252.4400,4862400
2026-01-05,254.9700,254.4300,6039600
2026-01-06,254.9400,256.6900,6006800
2026-01-07,256.5300,256.9300,5089000
2026-01-08,256.5200,255.4500,6937600
2026-01-09,255.8300,258.0100,8055000
2026-01-12,256.2200,258.2400,4913700
2026-01-13,258.2500,257.8400,6425700
2026-01-14,256.1900,255.1100,7379800
2026-01-15,258.0000,256.0000,4556900
2026-01-16,257.5300,255.7100,4390800
2026-01-20,251.3900,250.3700,8566000
2026-01-21,250.9300,253.7000,7829600
2026-01-22,256.2600,255.5900,5104600
2026-01-23,255.1600,256.4000,5091500
2026-01-26,256.6000,257.5400,5672100
2026-01-27,258.9700,259.8500,4049900
2026-01-28,261.6300,260.7600,4196600
2026-01-29,260.4800,259.1400,6144200
2026-01-30,257.6500,256.0500,4383100
2026-02-02,254.7700,257.8200,5266100
2026-02-03,258.5950,253.8100,6529900
2026-02-04,253.2350,249.3800,7062100
2026-02-05,247.1200,245.8300,8582600
2026-02-06,247.1100,251.0100,5173600
2026-02-09,250.1600,252.9300,3681400
2026-02-10,253.3500,251.7800,4640000
2026-02-11,253.7700,252.4300,3899400
2026-02-12,253.1150,247.3200,7342300
2026-02-13,247.2300,247.8300,5642200
2026-02-17,246.3800,247.5700,10222000
2026-02-18,247.9350,249.3800,4930800
2026-02-19,248.2100,248.5100,3996700
2026-02-20,247.0700,250.6700,6562500
2026-02-23,249.7800,247.6500,4938200
2026-02-24,247.9950,250.3100,3395500
2026-02-25,251.6000,253.8300,2906700
2026-02-26,253.4400,250.8800,7799200
2026-02-27,248.2600,250.0600,4241400
2026-03-02,246.6100,250.3600,4883900
2026-03-03,245.5400,247.7200,5294500
2026-03-04,248.7600,251.3700,3746300
2026-03-05,250.1100,250.7200,3834800
2026-03-06,247.1800,246.9700,3808900
2026-03-09,244.6500,250.2100,6879600
2026-03-10,250.2900,250.2700,4517500
2026-03-11,250.7500,250.2100,2976400
2026-03-12,248.1800,245.9400,4443300
2026-03-13,246.9300,244.4500,4280500
2026-03-16,247.1100,247.1700,2999700
2026-03-17,248.3600,248.4500,1866300
2026-03-18,247.6500,244.9600,2507900
2026-03-19,242.7000,244.2000,4655000
2026-03-20,243.3600,239.6400,5232400
2026-03-23,243.1200,242.0700,4466900
2026-03-24,240.7500,240.4200,4053200
2026-03-25,242.5600,241.9800,3124900
2026-03-26,239.8500,236.2100,4667800
2026-03-27,234.9950,231.6100,4925100
2026-03-30,233.5700,229.8700,3825000
2026-03-31,232.3300,237.6200,6062700
2026-04-01,239.4000,240.5700,4401200
2026-04-02,236.3200,240.8600,2931400
2026-04-06,241.3500,242.3200,2737700
2026-04-07,241.0900,242.3800,2968600
2026-04-08,250.6200,249.5400,5607600
2026-04-09,249.4900,251.2300,2747700
2026-04-10,251.9200,251.6000,2156500
2026-04-13,250.9200,254.1700,2659600
2026-04-14,255.3700,258.7800,5667700
2026-04-15,259.0500,262.4800,4100500
2026-04-16,263.1900,263.6900,2719200
2026-04-17,265.8200,267.1300,3096100
